Date,Fund,Value
2023-05-01,Active Fund Average,1.0
2023-05-01,Bankers Investment Trust,1.0
2023-05-01,BlackRock World Mining,1.0
2023-05-01,City of London,1.0
2023-05-01,F&C Investment Trust,1.0
2023-05-01,FTSE 100,1.0
2023-05-01,FTSE All World,1.0
2023-05-01,Henderson Far East Income,1.0
2023-05-01,International Public Partnerships,1.0
2023-05-01,JPMorgan European Growth & Income,1.0
2023-05-01,JPMorgan Global Growth & Income,1.0
2023-05-01,Law Debenture,1.0
2023-05-01,Lowland Investment Trust,1.0
2023-05-01,Merchants Trust,1.0
2023-05-01,Monks Investment Trust,1.0
2023-05-01,Murray International,1.0
2023-05-01,Personal Assets Trust,1.0
2023-05-01,S&P 500,1.0
2023-05-01,Scottish American,1.0
2023-05-01,Scottish Mortgage,1.0
2023-05-01,Temple Bar,1.0
2023-05-01,TwentyFour Income Fund,1.0
2023-06-01,Active Fund Average,0.9879
2023-06-01,Bankers Investment Trust,1.0051
2023-06-01,BlackRock World Mining,1.0223
2023-06-01,City of London,0.9925
2023-06-01,F&C Investment Trust,0.9819
2023-06-01,FTSE 100,1.0115
2023-06-01,FTSE All World,1.0282
2023-06-01,Henderson Far East Income,0.9897
2023-06-01,International Public Partnerships,0.9309
2023-06-01,JPMorgan European Growth & Income,0.9809
2023-06-01,JPMorgan Global Growth & Income,1.0208
2023-06-01,Law Debenture,0.9721
2023-06-01,Lowland Investment Trust,0.9538
2023-06-01,Merchants Trust,0.9743
2023-06-01,Monks Investment Trust,1.0185
2023-06-01,Murray International,0.9724
2023-06-01,Personal Assets Trust,0.9883
2023-06-01,S&P 500,1.0647
2023-06-01,Scottish American,1.002
2023-06-01,Scottish Mortgage,1.0009
2023-06-01,Temple Bar,1.0
2023-06-01,TwentyFour Income Fund,0.9754
2023-07-01,Active Fund Average,1.0179
2023-07-01,Bankers Investment Trust,1.0297
2023-07-01,BlackRock World Mining,1.0718
2023-07-01,City of London,1.0063
2023-07-01,F&C Investment Trust,1.0079
2023-07-01,FTSE 100,1.034
2023-07-01,FTSE All World,1.0596
2023-07-01,Henderson Far East Income,0.9897
2023-07-01,International Public Partnerships,0.9468
2023-07-01,JPMorgan European Growth & Income,1.0044
2023-07-01,JPMorgan Global Growth & Income,1.0483
2023-07-01,Law Debenture,1.0331
2023-07-01,Lowland Investment Trust,1.0043
2023-07-01,Merchants Trust,1.0239
2023-07-01,Monks Investment Trust,1.036
2023-07-01,Murray International,0.959
2023-07-01,Personal Assets Trust,0.998
2023-07-01,S&P 500,1.0979
2023-07-01,Scottish American,1.0116
2023-07-01,Scottish Mortgage,1.1052
2023-07-01,Temple Bar,1.0633
2023-07-01,TwentyFour Income Fund,0.9823
2023-08-01,Active Fund Average,0.9837
2023-08-01,Bankers Investment Trust,0.999
2023-08-01,BlackRock World Mining,1.0035
2023-08-01,City of London,0.9814
2023-08-01,F&C Investment Trust,0.9775
2023-08-01,FTSE 100,0.9991
2023-08-01,FTSE All World,1.0489
2023-08-01,Henderson Far East Income,0.8973
2023-08-01,International Public Partnerships,0.9496
2023-08-01,JPMorgan European Growth & Income,0.9959
2023-08-01,JPMorgan Global Growth & Income,1.0264
2023-08-01,Law Debenture,1.0128
2023-08-01,Lowland Investment Trust,0.9497
2023-08-01,Merchants Trust,0.9873
2023-08-01,Monks Investment Trust,0.9959
2023-08-01,Murray International,0.94
2023-08-01,Personal Assets Trust,0.9895
2023-08-01,S&P 500,1.0784
2023-08-01,Scottish American,0.9751
2023-08-01,Scottish Mortgage,1.0298
2023-08-01,Temple Bar,1.0317
2023-08-01,TwentyFour Income Fund,0.9648
2023-09-01,Active Fund Average,1.0086
2023-09-01,Bankers Investment Trust,1.1278
2023-09-01,BlackRock World Mining,0.9971
2023-09-01,City of London,0.9591
2023-09-01,F&C Investment Trust,1.0432
2023-09-01,FTSE 100,1.0218
2023-09-01,FTSE All World,1.0409
2023-09-01,Henderson Far East Income,0.9056
2023-09-01,International Public Partnerships,0.8906
2023-09-01,JPMorgan European Growth & Income,1.0863
2023-09-01,JPMorgan Global Growth & Income,0.9969
2023-09-01,Law Debenture,0.9587
2023-09-01,Lowland Investment Trust,1.0559
2023-09-01,Merchants Trust,0.9385
2023-09-01,Monks Investment Trust,1.0776
2023-09-01,Murray International,0.9436
2023-09-01,Personal Assets Trust,0.987
2023-09-01,S&P 500,1.0259
2023-09-01,Scottish American,0.9524
2023-09-01,Scottish Mortgage,1.1807
2023-09-01,Temple Bar,1.0911
2023-09-01,TwentyFour Income Fund,0.9628
2023-10-01,Active Fund Average,0.9263
2023-10-01,Bankers Investment Trust,0.959
2023-10-01,BlackRock World Mining,0.9217
2023-10-01,City of London,0.9376
2023-10-01,F&C Investment Trust,0.956
2023-10-01,FTSE 100,0.9833
2023-10-01,FTSE All World,1.0146
2023-10-01,Henderson Far East Income,0.8142
2023-10-01,International Public Partnerships,0.8377
2023-10-01,JPMorgan European Growth & Income,0.9491
2023-10-01,JPMorgan Global Growth & Income,1.0188
2023-10-01,Law Debenture,0.9367
2023-10-01,Lowland Investment Trust,0.8784
2023-10-01,Merchants Trust,0.8898
2023-10-01,Monks Investment Trust,0.926
2023-10-01,Murray International,0.8653
2023-10-01,Personal Assets Trust,0.9821
2023-10-01,S&P 500,1.0033
2023-10-01,Scottish American,0.8859
2023-10-01,Scottish Mortgage,0.9646
2023-10-01,Temple Bar,1.0092
2023-10-01,TwentyFour Income Fund,0.9411
2023-11-01,Active Fund Average,0.9819
2023-11-01,Bankers Investment Trust,1.0114
2023-11-01,BlackRock World Mining,0.9353
2023-11-01,City of London,0.9815
2023-11-01,F&C Investment Trust,0.9967
2023-11-01,FTSE 100,1.001
2023-11-01,FTSE All World,1.0614
2023-11-01,Henderson Far East Income,0.8482
2023-11-01,International Public Partnerships,0.924
2023-11-01,JPMorgan European Growth & Income,1.0087
2023-11-01,JPMorgan Global Growth & Income,1.0539
2023-11-01,Law Debenture,0.9888
2023-11-01,Lowland Investment Trust,0.9582
2023-11-01,Merchants Trust,0.9709
2023-11-01,Monks Investment Trust,1.0247
2023-11-01,Murray International,0.9286
2023-11-01,Personal Assets Trust,0.9863
2023-11-01,S&P 500,1.0928
2023-11-01,Scottish American,0.9617
2023-11-01,Scottish Mortgage,1.0884
2023-11-01,Temple Bar,1.0341
2023-11-01,TwentyFour Income Fund,0.9728
2023-12-01,Active Fund Average,1.0594
2023-12-01,Bankers Investment Trust,1.1802
2023-12-01,BlackRock World Mining,1.0095
2023-12-01,City of London,0.995
2023-12-01,F&C Investment Trust,1.1078
2023-12-01,FTSE 100,1.0386
2023-12-01,FTSE All World,1.1051
2023-12-01,Henderson Far East Income,0.8853
2023-12-01,International Public Partnerships,0.9888
2023-12-01,JPMorgan European Growth & Income,1.1609
2023-12-01,JPMorgan Global Growth & Income,1.0715
2023-12-01,Law Debenture,0.9813
2023-12-01,Lowland Investment Trust,1.114
2023-12-01,Merchants Trust,0.9737
2023-12-01,Monks Investment Trust,1.1795
2023-12-01,Murray International,1.0009
2023-12-01,Personal Assets Trust,1.0082
2023-12-01,S&P 500,1.1412
2023-12-01,Scottish American,1.0005
2023-12-01,Scottish Mortgage,1.2665
2023-12-01,Temple Bar,1.109
2023-12-01,TwentyFour Income Fund,1.0358
2024-01-01,Active Fund Average,1.0135
2024-01-01,Bankers Investment Trust,1.0648
2024-01-01,BlackRock World Mining,0.9269
2024-01-01,City of London,1.0028
2024-01-01,F&C Investment Trust,1.0994
2024-01-01,FTSE 100,1.0248
2024-01-01,FTSE All World,1.1211
2024-01-01,Henderson Far East Income,0.8461
2024-01-01,International Public Partnerships,0.9341
2024-01-01,JPMorgan European Growth & Income,1.0461
2024-01-01,JPMorgan Global Growth & Income,1.1307
2024-01-01,Law Debenture,0.9952
2024-01-01,Lowland Investment Trust,0.9647
2024-01-01,Merchants Trust,0.9984
2024-01-01,Monks Investment Trust,1.0751
2024-01-01,Murray International,0.9305
2024-01-01,Personal Assets Trust,1.0065
2024-01-01,S&P 500,1.1593
2024-01-01,Scottish American,0.9752
2024-01-01,Scottish Mortgage,1.1623
2024-01-01,Temple Bar,1.0522
2024-01-01,TwentyFour Income Fund,1.0319
2024-02-01,Active Fund Average,1.0169
2024-02-01,Bankers Investment Trust,1.1018
2024-02-01,BlackRock World Mining,0.8407
2024-02-01,City of London,0.9754
2024-02-01,F&C Investment Trust,1.1085
2024-02-01,FTSE 100,1.0247
2024-02-01,FTSE All World,1.1658
2024-02-01,Henderson Far East Income,0.8855
2024-02-01,International Public Partnerships,0.9082
2024-02-01,JPMorgan European Growth & Income,1.0642
2024-02-01,JPMorgan Global Growth & Income,1.1964
2024-02-01,Law Debenture,1.0016
2024-02-01,Lowland Investment Trust,0.9542
2024-02-01,Merchants Trust,0.9561
2024-02-01,Monks Investment Trust,1.1306
2024-02-01,Murray International,0.9344
2024-02-01,Personal Assets Trust,1.0033
2024-02-01,S&P 500,1.2193
2024-02-01,Scottish American,0.9618
2024-02-01,Scottish Mortgage,1.2034
2024-02-01,Temple Bar,1.0545
2024-02-01,TwentyFour Income Fund,1.0242
2024-03-01,Active Fund Average,1.1034
2024-03-01,Bankers Investment Trust,1.2735
2024-03-01,BlackRock World Mining,0.9565
2024-03-01,City of London,1.0233
2024-03-01,F&C Investment Trust,1.2178
2024-03-01,FTSE 100,1.068
2024-03-01,FTSE All World,1.2026
2024-03-01,Henderson Far East Income,0.9143
2024-03-01,International Public Partnerships,0.8924
2024-03-01,JPMorgan European Growth & Income,1.2502
2024-03-01,JPMorgan Global Growth & Income,1.2029
2024-03-01,Law Debenture,1.0254
2024-03-01,Lowland Investment Trust,1.1315
2024-03-01,Merchants Trust,0.977
2024-03-01,Monks Investment Trust,1.3115
2024-03-01,Murray International,1.028
2024-03-01,Personal Assets Trust,1.0296
2024-03-01,S&P 500,1.2571
2024-03-01,Scottish American,1.0378
2024-03-01,Scottish Mortgage,1.367
2024-03-01,Temple Bar,1.1907
2024-03-01,TwentyFour Income Fund,1.0321
2024-04-01,Active Fund Average,1.0643
2024-04-01,Bankers Investment Trust,1.151
2024-04-01,BlackRock World Mining,0.9972
2024-04-01,City of London,1.0316
2024-04-01,F&C Investment Trust,1.1186
2024-04-01,FTSE 100,1.0937
2024-04-01,FTSE All World,1.1843
2024-04-01,Henderson Far East Income,0.9329
2024-04-01,International Public Partnerships,0.9111
2024-04-01,JPMorgan European Growth & Income,1.1015
2024-04-01,JPMorgan Global Growth & Income,1.1965
2024-04-01,Law Debenture,1.0816
2024-04-01,Lowland Investment Trust,1.0256
2024-04-01,Merchants Trust,1.028
2024-04-01,Monks Investment Trust,1.1902
2024-04-01,Murray International,0.9536
2024-04-01,Personal Assets Trust,1.0246
2024-04-01,S&P 500,1.2048
2024-04-01,Scottish American,0.9638
2024-04-01,Scottish Mortgage,1.2656
2024-04-01,Temple Bar,1.1653
2024-04-01,TwentyFour Income Fund,1.0183
2024-05-01,Active Fund Average,1.0828
2024-05-01,Bankers Investment Trust,1.1572
2024-05-01,BlackRock World Mining,1.0074
2024-05-01,City of London,1.058
2024-05-01,F&C Investment Trust,1.1401
2024-05-01,FTSE 100,1.1114
2024-05-01,FTSE All World,1.1953
2024-05-01,Henderson Far East Income,0.9558
2024-05-01,International Public Partnerships,0.8999
2024-05-01,JPMorgan European Growth & Income,1.1335
2024-05-01,JPMorgan Global Growth & Income,1.1768
2024-05-01,Law Debenture,1.1107
2024-05-01,Lowland Investment Trust,1.0888
2024-05-01,Merchants Trust,1.0704
2024-05-01,Monks Investment Trust,1.1881
2024-05-01,Murray International,0.9537
2024-05-01,Personal Assets Trust,1.0288
2024-05-01,S&P 500,1.2626
2024-05-01,Scottish American,0.9696
2024-05-01,Scottish Mortgage,1.3188
2024-05-01,Temple Bar,1.2262
2024-05-01,TwentyFour Income Fund,1.0069
2024-06-01,Active Fund Average,1.1225
2024-06-01,Bankers Investment Trust,1.2811
2024-06-01,BlackRock World Mining,0.9659
2024-06-01,City of London,1.0473
2024-06-01,F&C Investment Trust,1.2419
2024-06-01,FTSE 100,1.0964
2024-06-01,FTSE All World,1.2391
2024-06-01,Henderson Far East Income,0.9929
2024-06-01,International Public Partnerships,0.9186
2024-06-01,JPMorgan European Growth & Income,1.2362
2024-06-01,JPMorgan Global Growth & Income,1.2364
2024-06-01,Law Debenture,1.0334
2024-06-01,Lowland Investment Trust,1.1684
2024-06-01,Merchants Trust,0.9935
2024-06-01,Monks Investment Trust,1.3242
2024-06-01,Murray International,1.0357
2024-06-01,Personal Assets Trust,1.0338
2024-06-01,S&P 500,1.3064
2024-06-01,Scottish American,1.0379
2024-06-01,Scottish Mortgage,1.4138
2024-06-01,Temple Bar,1.2224
2024-06-01,TwentyFour Income Fund,1.0207
2024-07-01,Active Fund Average,1.1098
2024-07-01,Bankers Investment Trust,1.2003
2024-07-01,BlackRock World Mining,0.9614
2024-07-01,City of London,1.1168
2024-07-01,F&C Investment Trust,1.1921
2024-07-01,FTSE 100,1.1238
2024-07-01,FTSE All World,1.2422
2024-07-01,Henderson Far East Income,0.9352
2024-07-01,International Public Partnerships,0.9416
2024-07-01,JPMorgan European Growth & Income,1.1283
2024-07-01,JPMorgan Global Growth & Income,1.2404
2024-07-01,Law Debenture,1.1628
2024-07-01,Lowland Investment Trust,1.11
2024-07-01,Merchants Trust,1.1035
2024-07-01,Monks Investment Trust,1.2107
2024-07-01,Murray International,0.9978
2024-07-01,Personal Assets Trust,1.0342
2024-07-01,S&P 500,1.3212
2024-07-01,Scottish American,1.0253
2024-07-01,Scottish Mortgage,1.2987
2024-07-01,Temple Bar,1.2806
2024-07-01,TwentyFour Income Fund,1.0364
2024-08-01,Active Fund Average,1.1239
2024-08-01,Bankers Investment Trust,1.2688
2024-08-01,BlackRock World Mining,0.918
2024-08-01,City of London,1.0916
2024-08-01,F&C Investment Trust,1.2335
2024-08-01,FTSE 100,1.125
2024-08-01,FTSE All World,1.2362
2024-08-01,Henderson Far East Income,0.9354
2024-08-01,International Public Partnerships,0.9186
2024-08-01,JPMorgan European Growth & Income,1.2448
2024-08-01,JPMorgan Global Growth & Income,1.2094
2024-08-01,Law Debenture,1.0876
2024-08-01,Lowland Investment Trust,1.218
2024-08-01,Merchants Trust,1.0565
2024-08-01,Monks Investment Trust,1.313
2024-08-01,Murray International,1.0258
2024-08-01,Personal Assets Trust,1.0445
2024-08-01,S&P 500,1.3513
2024-08-01,Scottish American,1.0386
2024-08-01,Scottish Mortgage,1.3431
2024-08-01,Temple Bar,1.2581
2024-08-01,TwentyFour Income Fund,1.0248
2024-09-01,Active Fund Average,1.0847
2024-09-01,Bankers Investment Trust,1.1532
2024-09-01,BlackRock World Mining,0.9392
2024-09-01,City of London,1.1007
2024-09-01,F&C Investment Trust,1.1628
2024-09-01,FTSE 100,1.1062
2024-09-01,FTSE All World,1.2379
2024-09-01,Henderson Far East Income,0.9622
2024-09-01,International Public Partnerships,0.9243
2024-09-01,JPMorgan European Growth & Income,1.0697
2024-09-01,JPMorgan Global Growth & Income,1.2121
2024-09-01,Law Debenture,1.1273
2024-09-01,Lowland Investment Trust,1.0679
2024-09-01,Merchants Trust,1.0834
2024-09-01,Monks Investment Trust,1.2066
2024-09-01,Murray International,0.9826
2024-09-01,Personal Assets Trust,1.0437
2024-09-01,S&P 500,1.3786
2024-09-01,Scottish American,0.987
2024-09-01,Scottish Mortgage,1.2572
2024-09-01,Temple Bar,1.2039
2024-09-01,TwentyFour Income Fund,1.0406
2024-10-01,Active Fund Average,1.073
2024-10-01,Bankers Investment Trust,1.1368
2024-10-01,BlackRock World Mining,0.9103
2024-10-01,City of London,1.0519
2024-10-01,F&C Investment Trust,1.1786
2024-10-01,FTSE 100,1.0892
2024-10-01,FTSE All World,1.2715
2024-10-01,Henderson Far East Income,0.9334
2024-10-01,International Public Partnerships,0.9203
2024-10-01,JPMorgan European Growth & Income,1.0582
2024-10-01,JPMorgan Global Growth & Income,1.2449
2024-10-01,Law Debenture,1.102
2024-10-01,Lowland Investment Trust,1.0512
2024-10-01,Merchants Trust,1.0301
2024-10-01,Monks Investment Trust,1.2251
2024-10-01,Murray International,0.9577
2024-10-01,Personal Assets Trust,1.0459
2024-10-01,S&P 500,1.365
2024-10-01,Scottish American,0.962
2024-10-01,Scottish Mortgage,1.3023
2024-10-01,Temple Bar,1.1881
2024-10-01,TwentyFour Income Fund,1.0149
2024-11-01,Active Fund Average,1.1462
2024-11-01,Bankers Investment Trust,1.3044
2024-11-01,BlackRock World Mining,0.9482
2024-11-01,City of London,1.0716
2024-11-01,F&C Investment Trust,1.3262
2024-11-01,FTSE 100,1.113
2024-11-01,FTSE All World,1.3345
2024-11-01,Henderson Far East Income,0.9295
2024-11-01,International Public Partnerships,0.9073
2024-11-01,JPMorgan European Growth & Income,1.1756
2024-11-01,JPMorgan Global Growth & Income,1.2678
2024-11-01,Law Debenture,1.075
2024-11-01,Lowland Investment Trust,1.16
2024-11-01,Merchants Trust,1.0153
2024-11-01,Monks Investment Trust,1.4351
2024-11-01,Murray International,1.033
2024-11-01,Personal Assets Trust,1.058
2024-11-01,S&P 500,1.4432
2024-11-01,Scottish American,1.0558
2024-11-01,Scottish Mortgage,1.5401
2024-11-01,Temple Bar,1.2805
2024-11-01,TwentyFour Income Fund,1.0486
2024-12-01,Active Fund Average,1.0934
2024-12-01,Bankers Investment Trust,1.1799
2024-12-01,BlackRock World Mining,0.8216
2024-12-01,City of London,1.0783
2024-12-01,F&C Investment Trust,1.2509
2024-12-01,FTSE 100,1.0976
2024-12-01,FTSE All World,1.3221
2024-12-01,Henderson Far East Income,0.946
2024-12-01,International Public Partnerships,0.8728
2024-12-01,JPMorgan European Growth & Income,1.0519
2024-12-01,JPMorgan Global Growth & Income,1.2736
2024-12-01,Law Debenture,1.1325
2024-12-01,Lowland Investment Trust,1.0344
2024-12-01,Merchants Trust,1.0137
2024-12-01,Monks Investment Trust,1.2991
2024-12-01,Murray International,0.9865
2024-12-01,Personal Assets Trust,1.0544
2024-12-01,S&P 500,1.4071
2024-12-01,Scottish American,0.9573
2024-12-01,Scottish Mortgage,1.4345
2024-12-01,Temple Bar,1.2289
2024-12-01,TwentyFour Income Fund,1.0644
2025-01-01,Active Fund Average,1.1433
2025-01-01,Bankers Investment Trust,1.2866
2025-01-01,BlackRock World Mining,0.8489
2025-01-01,City of London,1.0971
2025-01-01,F&C Investment Trust,1.3412
2025-01-01,FTSE 100,1.1649
2025-01-01,FTSE All World,1.3858
2025-01-01,Henderson Far East Income,0.9501
2025-01-01,International Public Partnerships,0.8123
2025-01-01,JPMorgan European Growth & Income,1.1552
2025-01-01,JPMorgan Global Growth & Income,1.3349
2025-01-01,Law Debenture,1.1579
2025-01-01,Lowland Investment Trust,1.1061
2025-01-01,Merchants Trust,1.0229
2025-01-01,Monks Investment Trust,1.3731
2025-01-01,Murray International,1.0363
2025-01-01,Personal Assets Trust,1.0841
2025-01-01,S&P 500,1.4452
2025-01-01,Scottish American,1.0062
2025-01-01,Scottish Mortgage,1.6305
2025-01-01,Temple Bar,1.2718
2025-01-01,TwentyFour Income Fund,1.0644
2025-02-01,Active Fund Average,1.1266
2025-02-01,Bankers Investment Trust,1.2436
2025-02-01,BlackRock World Mining,0.8164
2025-02-01,City of London,1.1085
2025-02-01,F&C Investment Trust,1.2938
2025-02-01,FTSE 100,1.1831
2025-02-01,FTSE All World,1.3374
2025-02-01,Henderson Far East Income,0.9153
2025-02-01,International Public Partnerships,0.808
2025-02-01,JPMorgan European Growth & Income,1.1711
2025-02-01,JPMorgan Global Growth & Income,1.267
2025-02-01,Law Debenture,1.1478
2025-02-01,Lowland Investment Trust,1.1145
2025-02-01,Merchants Trust,0.9805
2025-02-01,Monks Investment Trust,1.3135
2025-02-01,Murray International,1.0441
2025-02-01,Personal Assets Trust,1.082
2025-02-01,S&P 500,1.4246
2025-02-01,Scottish American,0.9832
2025-02-01,Scottish Mortgage,1.5652
2025-02-01,Temple Bar,1.3441
2025-02-01,TwentyFour Income Fund,1.0804
2025-03-01,Active Fund Average,1.0852
2025-03-01,Bankers Investment Trust,1.1328
2025-03-01,BlackRock World Mining,0.8105
2025-03-01,City of London,1.131
2025-03-01,F&C Investment Trust,1.2193
2025-03-01,FTSE 100,1.1527
2025-03-01,FTSE All World,1.2525
2025-03-01,Henderson Far East Income,0.8844
2025-03-01,International Public Partnerships,0.8065
2025-03-01,JPMorgan European Growth & Income,1.1819
2025-03-01,JPMorgan Global Growth & Income,1.1486
2025-03-01,Law Debenture,1.1148
2025-03-01,Lowland Investment Trust,1.085
2025-03-01,Merchants Trust,0.9623
2025-03-01,Monks Investment Trust,1.1943
2025-03-01,Murray International,1.0038
2025-03-01,Personal Assets Trust,1.0692
2025-03-01,S&P 500,1.3426
2025-03-01,Scottish American,0.9458
2025-03-01,Scottish Mortgage,1.4171
2025-03-01,Temple Bar,1.326
2025-03-01,TwentyFour Income Fund,1.1001
2025-04-01,Active Fund Average,1.0797
2025-04-01,Bankers Investment Trust,1.1246
2025-04-01,BlackRock World Mining,0.7909
2025-04-01,City of London,1.1635
2025-04-01,F&C Investment Trust,1.1662
2025-04-01,FTSE 100,1.1409
2025-04-01,FTSE All World,1.2274
2025-04-01,Henderson Far East Income,0.8638
2025-04-01,International Public Partnerships,0.8008
2025-04-01,JPMorgan European Growth & Income,1.2192
2025-04-01,JPMorgan Global Growth & Income,1.1137
2025-04-01,Law Debenture,1.1327
2025-04-01,Lowland Investment Trust,1.0934
2025-04-01,Merchants Trust,1.0046
2025-04-01,Monks Investment Trust,1.1696
2025-04-01,Murray International,1.0153
2025-04-01,Personal Assets Trust,1.0841
2025-04-01,S&P 500,1.3324
2025-04-01,Scottish American,0.9545
2025-04-01,Scottish Mortgage,1.3516
2025-04-01,Temple Bar,1.3329
2025-04-01,TwentyFour Income Fund,1.0528
2025-05-01,Active Fund Average,1.1597
2025-05-01,Bankers Investment Trust,1.2694
2025-05-01,BlackRock World Mining,0.8887
2025-05-01,City of London,1.1664
2025-05-01,F&C Investment Trust,1.2802
2025-05-01,FTSE 100,1.1781
2025-05-01,FTSE All World,1.2928
2025-05-01,Henderson Far East Income,0.8844
2025-05-01,International Public Partnerships,0.8342
2025-05-01,JPMorgan European Growth & Income,1.3077
2025-05-01,JPMorgan Global Growth & Income,1.1709
2025-05-01,Law Debenture,1.131
2025-05-01,Lowland Investment Trust,1.2471
2025-05-01,Merchants Trust,1.0437
2025-05-01,Monks Investment Trust,1.3667
2025-05-01,Murray International,1.0652
2025-05-01,Personal Assets Trust,1.0866
2025-05-01,S&P 500,1.4143
2025-05-01,Scottish American,1.0258
2025-05-01,Scottish Mortgage,1.6114
2025-05-01,Temple Bar,1.4086
2025-05-01,TwentyFour Income Fund,1.0868
2025-06-01,Active Fund Average,1.1673
2025-06-01,Bankers Investment Trust,1.2375
2025-06-01,BlackRock World Mining,0.9021
2025-06-01,City of London,1.22
2025-06-01,F&C Investment Trust,1.251
2025-06-01,FTSE 100,1.1766
2025-06-01,FTSE All World,1.3198
2025-06-01,Henderson Far East Income,0.9341
2025-06-01,International Public Partnerships,0.8558
2025-06-01,JPMorgan European Growth & Income,1.2992
2025-06-01,JPMorgan Global Growth & Income,1.1993
2025-06-01,Law Debenture,1.2684
2025-06-01,Lowland Investment Trust,1.2324
2025-06-01,Merchants Trust,1.0507
2025-06-01,Monks Investment Trust,1.33
2025-06-01,Murray International,1.073
2025-06-01,Personal Assets Trust,1.0735
2025-06-01,S&P 500,1.4845
2025-06-01,Scottish American,0.9776
2025-06-01,Scottish Mortgage,1.5532
2025-06-01,Temple Bar,1.4415
2025-06-01,TwentyFour Income Fund,1.1124
2025-07-01,Active Fund Average,1.1979
2025-07-01,Bankers Investment Trust,1.2704
2025-07-01,BlackRock World Mining,0.9482
2025-07-01,City of London,1.2412
2025-07-01,F&C Investment Trust,1.33
2025-07-01,FTSE 100,1.2265
2025-07-01,FTSE All World,1.4021
2025-07-01,Henderson Far East Income,0.9403
2025-07-01,International Public Partnerships,0.8846
2025-07-01,JPMorgan European Growth & Income,1.3258
2025-07-01,JPMorgan Global Growth & Income,1.265
2025-07-01,Law Debenture,1.2914
2025-07-01,Lowland Investment Trust,1.2157
2025-07-01,Merchants Trust,1.0121
2025-07-01,Monks Investment Trust,1.3999
2025-07-01,Murray International,1.1036
2025-07-01,Personal Assets Trust,1.0842
2025-07-01,S&P 500,1.5167
2025-07-01,Scottish American,0.991
2025-07-01,Scottish Mortgage,1.6494
2025-07-01,Temple Bar,1.5071
2025-07-01,TwentyFour Income Fund,1.1026
2025-08-01,Active Fund Average,1.2293
2025-08-01,Bankers Investment Trust,1.3597
2025-08-01,BlackRock World Mining,1.0335
2025-08-01,City of London,1.1991
2025-08-01,F&C Investment Trust,1.3691
2025-08-01,FTSE 100,1.2338
2025-08-01,FTSE All World,1.4003
2025-08-01,Henderson Far East Income,0.8984
2025-08-01,International Public Partnerships,0.8659
2025-08-01,JPMorgan European Growth & Income,1.3563
2025-08-01,JPMorgan Global Growth & Income,1.2521
2025-08-01,Law Debenture,1.2366
2025-08-01,Lowland Investment Trust,1.3196
2025-08-01,Merchants Trust,1.0472
2025-08-01,Monks Investment Trust,1.5148
2025-08-01,Murray International,1.1418
2025-08-01,Personal Assets Trust,1.1077
2025-08-01,S&P 500,1.5456
2025-08-01,Scottish American,1.0395
2025-08-01,Scottish Mortgage,1.7722
2025-08-01,Temple Bar,1.5075
2025-08-01,TwentyFour Income Fund,1.1067
2025-09-01,Active Fund Average,1.2504
2025-09-01,Bankers Investment Trust,1.332
2025-09-01,BlackRock World Mining,1.1617
2025-09-01,City of London,1.2689
2025-09-01,F&C Investment Trust,1.3583
2025-09-01,FTSE 100,1.2557
2025-09-01,FTSE All World,1.449
2025-09-01,Henderson Far East Income,0.9983
2025-09-01,International Public Partnerships,0.9035
2025-09-01,JPMorgan European Growth & Income,1.3684
2025-09-01,JPMorgan Global Growth & Income,1.2564
2025-09-01,Law Debenture,1.3548
2025-09-01,Lowland Investment Trust,1.2662
2025-09-01,Merchants Trust,1.0306
2025-09-01,Monks Investment Trust,1.5088
2025-09-01,Murray International,1.1631
2025-09-01,Personal Assets Trust,1.1097
2025-09-01,S&P 500,1.6002
2025-09-01,Scottish American,0.9796
2025-09-01,Scottish Mortgage,1.7087
2025-09-01,Temple Bar,1.6134
2025-09-01,TwentyFour Income Fund,1.1245
2025-10-01,Active Fund Average,1.2696
2025-10-01,Bankers Investment Trust,1.3648
2025-10-01,BlackRock World Mining,1.126
2025-10-01,City of London,1.2764
2025-10-01,F&C Investment Trust,1.3966
2025-10-01,FTSE 100,1.305
2025-10-01,FTSE All World,1.5247
2025-10-01,Henderson Far East Income,1.0066
2025-10-01,International Public Partnerships,0.9107
2025-10-01,JPMorgan European Growth & Income,1.4271
2025-10-01,JPMorgan Global Growth & Income,1.2783
2025-10-01,Law Debenture,1.3193
2025-10-01,Lowland Investment Trust,1.3042
2025-10-01,Merchants Trust,1.0509
2025-10-01,Monks Investment Trust,1.5808
2025-10-01,Murray International,1.1804
2025-10-01,Personal Assets Trust,1.1394
2025-10-01,S&P 500,1.6365
2025-10-01,Scottish American,0.9719
2025-10-01,Scottish Mortgage,1.7598
2025-10-01,Temple Bar,1.6654
2025-10-01,TwentyFour Income Fund,1.0949
2025-11-01,Active Fund Average,1.2975
2025-11-01,Bankers Investment Trust,1.4625
2025-11-01,BlackRock World Mining,1.3271
2025-11-01,City of London,1.2651
2025-11-01,F&C Investment Trust,1.4584
2025-11-01,FTSE 100,1.3054
2025-11-01,FTSE All World,1.513
2025-11-01,Henderson Far East Income,0.9175
2025-11-01,International Public Partnerships,0.8819
2025-11-01,JPMorgan European Growth & Income,1.4442
2025-11-01,JPMorgan Global Growth & Income,1.3021
2025-11-01,Law Debenture,1.3046
2025-11-01,Lowland Investment Trust,1.3975
2025-11-01,Merchants Trust,1.0982
2025-11-01,Monks Investment Trust,1.5704
2025-11-01,Murray International,1.215
2025-11-01,Personal Assets Trust,1.1519
2025-11-01,S&P 500,1.6386
2025-11-01,Scottish American,1.0364
2025-11-01,Scottish Mortgage,1.7856
2025-11-01,Temple Bar,1.619
2025-11-01,TwentyFour Income Fund,1.1168
2025-12-01,Active Fund Average,1.3036
2025-12-01,Bankers Investment Trust,1.367
2025-12-01,BlackRock World Mining,1.3738
2025-12-01,City of London,1.3216
2025-12-01,F&C Investment Trust,1.4136
2025-12-01,FTSE 100,1.3338
2025-12-01,FTSE All World,1.5068
2025-12-01,Henderson Far East Income,0.9883
2025-12-01,International Public Partnerships,0.9022
2025-12-01,JPMorgan European Growth & Income,1.4911
2025-12-01,JPMorgan Global Growth & Income,1.2587
2025-12-01,Law Debenture,1.3371
2025-12-01,Lowland Investment Trust,1.3378
2025-12-01,Merchants Trust,1.097
2025-12-01,Monks Investment Trust,1.5417
2025-12-01,Murray International,1.284
2025-12-01,Personal Assets Trust,1.1479
2025-12-01,S&P 500,1.6377
2025-12-01,Scottish American,0.9912
2025-12-01,Scottish Mortgage,1.7816
2025-12-01,Temple Bar,1.7108
2025-12-01,TwentyFour Income Fund,1.1187
2026-01-01,Active Fund Average,1.358
2026-01-01,Bankers Investment Trust,1.4511
2026-01-01,BlackRock World Mining,1.6401
2026-01-01,City of London,1.3365
2026-01-01,F&C Investment Trust,1.4728
2026-01-01,FTSE 100,1.373
2026-01-01,FTSE All World,1.5198
2026-01-01,Henderson Far East Income,0.9794
2026-01-01,International Public Partnerships,0.9152
2026-01-01,JPMorgan European Growth & Income,1.5238
2026-01-01,JPMorgan Global Growth & Income,1.2903
2026-01-01,Law Debenture,1.3883
2026-01-01,Lowland Investment Trust,1.5234
2026-01-01,Merchants Trust,1.1731
2026-01-01,Monks Investment Trust,1.5994
2026-01-01,Murray International,1.259
2026-01-01,Personal Assets Trust,1.156
2026-01-01,S&P 500,1.6601
2026-01-01,Scottish American,1.039
2026-01-01,Scottish Mortgage,1.8845
2026-01-01,Temple Bar,1.6988
2026-01-01,TwentyFour Income Fund,1.1128
2026-02-01,Active Fund Average,1.4229
2026-02-01,Bankers Investment Trust,1.4969
2026-02-01,BlackRock World Mining,1.9115
2026-02-01,City of London,1.4234
2026-02-01,F&C Investment Trust,1.526
2026-02-01,FTSE 100,1.4653
2026-02-01,FTSE All World,1.5703
2026-02-01,Henderson Far East Income,1.0698
2026-02-01,International Public Partnerships,0.9656
2026-02-01,JPMorgan European Growth & Income,1.6159
2026-02-01,JPMorgan Global Growth & Income,1.3294
2026-02-01,Law Debenture,1.4449
2026-02-01,Lowland Investment Trust,1.6086
2026-02-01,Merchants Trust,1.2221
2026-02-01,Monks Investment Trust,1.6165
2026-02-01,Murray International,1.3584
2026-02-01,Personal Assets Trust,1.1797
2026-02-01,S&P 500,1.6457
2026-02-01,Scottish American,1.0772
2026-02-01,Scottish Mortgage,1.894
2026-02-01,Temple Bar,1.7617
2026-02-01,TwentyFour Income Fund,1.111
2026-03-01,Active Fund Average,1.2853
2026-03-01,Bankers Investment Trust,1.3137
2026-03-01,BlackRock World Mining,1.5054
2026-03-01,City of London,1.3467
2026-03-01,F&C Investment Trust,1.3583
2026-03-01,FTSE 100,1.3667
2026-03-01,FTSE All World,1.4728
2026-03-01,Henderson Far East Income,1.0236
2026-03-01,International Public Partnerships,0.9226
2026-03-01,JPMorgan European Growth & Income,1.3794
2026-03-01,JPMorgan Global Growth & Income,1.1886
2026-03-01,Law Debenture,1.3398
2026-03-01,Lowland Investment Trust,1.338
2026-03-01,Merchants Trust,1.0806
2026-03-01,Monks Investment Trust,1.443
2026-03-01,Murray International,1.2936
2026-03-01,Personal Assets Trust,1.1139
2026-03-01,S&P 500,1.5619
2026-03-01,Scottish American,0.9423
2026-03-01,Scottish Mortgage,1.7891
2026-03-01,Temple Bar,1.6859
2026-03-01,TwentyFour Income Fund,1.0716
2026-04-01,Active Fund Average,1.3572
2026-04-01,Bankers Investment Trust,1.4328
2026-04-01,BlackRock World Mining,1.538
2026-04-01,City of London,1.3844
2026-04-01,F&C Investment Trust,1.4408
2026-04-01,FTSE 100,1.3877
2026-04-01,FTSE All World,1.5818
2026-04-01,Henderson Far East Income,1.0731
2026-04-01,International Public Partnerships,0.9458
2026-04-01,JPMorgan European Growth & Income,1.4616
2026-04-01,JPMorgan Global Growth & Income,1.2764
2026-04-01,Law Debenture,1.4642
2026-04-01,Lowland Investment Trust,1.4012
2026-04-01,Merchants Trust,1.112
2026-04-01,Monks Investment Trust,1.5787
2026-04-01,Murray International,1.313
2026-04-01,Personal Assets Trust,1.1309
2026-04-01,S&P 500,1.7064
2026-04-01,Scottish American,1.0028
2026-04-01,Scottish Mortgage,2.0813
2026-04-01,Temple Bar,1.7449
2026-04-01,TwentyFour Income Fund,1.0483
